geo_name,region,area_land
Autauga County,3,1539582278
Baldwin County,3,4117521611
Barbour County,3,2291818968
Bibb County,3,1612480789
Blount County,3,1669961855
Bullock County,3,1613056905
Butler County,3,2011976894
Calhoun County,3,1569189995
Chambers County,3,1545009282
Cherokee County,3,1434075952
Chilton County,3,1794483586
Choctaw County,3,2365954748
Clarke County,3,3207609488
Clay County,3,1564252280
Cleburne County,3,1450652767
Coffee County,3,1758528786
Colbert County,3,1534877333
Conecuh County,3,2201894769
Coosa County,3,1685891075
Covington County,3,2668869505
Crenshaw County,3,1576888006
Cullman County,3,1903228333
Dale County,3,1453371157
Dallas County,3,2534807386
DeKalb County,3,2012662359
Elmore County,3,1601867593
Escambia County,3,2447746932
Etowah County,3,1385618994
Fayette County,3,1625631609
Franklin County,3,1641587713
Geneva County,3,1487710425
Greene County,3,1676007032
Hale County,3,1667803914
Henry County,3,1454926258
Houston County,3,1501737720
Jackson County,3,2791664869
Jefferson County,3,2878192209
Lamar County,3,1566544654
Lauderdale County,3,1729327931
Lawrence County,3,1788846568
Lee County,3,1573510728
Limestone County,3,1450228326
Lowndes County,3,1854199648
Macon County,3,1577005015
Madison County,3,2076116529
Marengo County,3,2530112461
Marion County,3,1922526826
Marshall County,3,1465522757
Mobile County,3,3184223082
Monroe County,3,2656485275
Montgomery County,3,2031190777
Morgan County,3,1500476319
Perry County,3,1863920409
Pickens County,3,2282837059
Pike County,3,1740715643
Randolph County,3,1503616599
Russell County,3,1660545751
St. Clair County,3,1636619393
Shelby County,3,2032960300
Sumter County,3,2341057426
Talladega County,3,1908239516
Tallapoosa County,3,1855780057
Tuscaloosa County,3,3423328940
Walker County,3,2049177420
Washington County,3,2797722307
Wilcox County,3,2301200113
Winston County,3,1587607882
Aleutians East Borough,4,18083148800
Aleutians West Census Area,4,11370762625
Anchorage Municipality,4,4415108963
Bethel Census Area,4,105075822708
Bristol Bay Borough,4,1304947207
Denali Borough,4,33026000538
Dillingham Census Area,4,48092912615
Fairbanks North Star Borough,4,19005874393
Desha County,3,1989504302
Haines Borough,4,6005146534
Hoonah-Angoon Census Area,4,19489439091
Juneau City and Borough,4,6997968643
Kenai Peninsula Borough,4,41634915224
Ketchikan Gateway Borough,4,12583232994
Kodiak Island Borough,4,16963331761
Lake and Peninsula Borough,4,61258419419
Matanuska-Susitna Borough,4,63734160198
Nome Census Area,4,59470685832
North Slope Borough,4,229720054439
Northwest Arctic Borough,4,92132564828
Petersburg Census Area,4,8500293927
Prince of Wales-Hyder Census Area,4,10160193695
Sitka City and Borough,4,7434143788
Skagway Municipality,4,1171515798
Southeast Fairbanks Census Area,4,64150915284
Valdez-Cordova Census Area,4,88680877051
Wade Hampton Census Area,4,44240705695
Wrangell City and Borough,4,6582411037
Yakutat City and Borough,4,19812002035
Yukon-Koyukuk Census Area,4,376855656455
Apache County,4,29001443825
Cochise County,4,15969063883
Coconino County,4,48222689085
Gila County,4,12322988718
Graham County,4,11972471194
Greenlee County,4,4773673819
La Paz County,4,11653984341
Maricopa County,4,23828260196
Mohave County,4,34475546921
Navajo County,4,25771473007
Pima County,4,23794311939
Pinal County,4,13896869603
Santa Cruz County,4,3203598541
Yavapai County,4,21039764981
Yuma County,4,14281174361
Arkansas County,3,2560902522
Ashley County,3,2396641905
Baxter County,3,1435587546
Benton County,3,2194644508
Boone County,3,1528692190
Bradley County,3,1681500473
Calhoun County,3,1628017155
Carroll County,3,1631917381
Chicot County,3,1668740125
Clark County,3,2243121932
Clay County,3,1656206452
Cleburne County,3,1434055831
Cleveland County,3,1548252069
Columbia County,3,1984066985
Conway County,3,1430319825
Craighead County,3,1831656075
Crawford County,3,1536106675
Crittenden County,3,1579271661
Cross County,3,1596418434
Dallas County,3,1728522942
Drew County,3,2145431293
Faulkner County,3,1678012685
Franklin County,3,1576932379
Fulton County,3,1601114128
Garland County,3,1755444878
Grant County,3,1636376859
Greene County,3,1496233476
Hempstead County,3,1884267810
Hot Spring County,3,1593367055
Howard County,3,1524346632
Independence County,3,1978628920
Izard County,3,1503686209
Jackson County,3,1641892684
Jefferson County,3,2255220650
Johnson County,3,1708883157
Lafayette County,3,1368208312
Lawrence County,3,1521913098
Lee County,3,1560780566
Lincoln County,3,1454321132
Little River County,3,1378529805
Logan County,3,1834034439
Lonoke County,3,1996176993
Madison County,3,2160711386
Marion County,3,1546245256
Miller County,3,1620239736
Mississippi County,3,2332475973
Monroe County,3,1572439014
Montgomery County,3,2019879948
Nevada County,3,1600189595
Newton County,3,2126110054
Ouachita County,3,1897899921
Perry County,3,1428125735
Phillips County,3,1801758335
Pike County,3,1555592368
Poinsett County,3,1964217602
Polk County,3,2221377955
Pope County,3,2104490517
Prairie County,3,1678203880
Pulaski County,3,1967777404
Randolph County,3,1689166005
St. Francis County,3,1644048592
Saline County,3,1874124567
Scott County,3,2311098364
Searcy County,3,1725176918
Sebastian County,3,1377643728
Sevier County,3,1463670417
Sharp County,3,1565489388
Stone County,3,1570581314
Union County,3,2691552718
Van Buren County,3,1834082139
Washington County,3,2439681852
White County,3,2680832626
Woodruff County,3,1519780744
Yell County,3,2408647209
Alameda County,4,1914046110
Alpine County,4,1912271907
Amador County,4,1539962991
Butte County,4,4238423238
Calaveras County,4,2641819725
Colusa County,4,2980379369
Contra Costa County,4,1854268836
Del Norte County,4,2606493856
El Dorado County,4,4423396606
Fresno County,4,15431126407
Glenn County,4,3403106702
Humboldt County,4,9241044673
Imperial County,4,10817352524
Inyo County,4,26368354217
Kern County,4,21061565098
Kings County,4,3598582308
Lake County,4,3254227528
Lassen County,4,11761612172
Los Angeles County,4,10509869649
Madera County,4,5534982985
Marin County,4,1347585521
Mariposa County,4,3752416976
Mendocino County,4,9081386386
Merced County,4,5011554741
Modoc County,4,10146977156
Mono County,4,7896827391
Monterey County,4,8496702738
Napa County,4,1938247338
Nevada County,4,2480616988
Orange County,4,2047561084
Placer County,4,3644136017
Plumas County,4,6612350713
Riverside County,4,18664696661
Sacramento County,4,2498415670
San Benito County,4,3596742302
San Bernardino County,4,51947229509
San Diego County,4,10895120648
San Francisco County,4,121399963
San Joaquin County,4,3603505998
San Luis Obispo County,4,8543248461
San Mateo County,4,1161371825
Santa Barbara County,4,7083838022
Santa Clara County,4,3341343470
Santa Cruz County,4,1152986019
Shasta County,4,9778246966
Sierra County,4,2468813797
Siskiyou County,4,16259652221
Solano County,4,2128361199
Sonoma County,4,4081430136
Stanislaus County,4,3871582888
Sutter County,4,1560235601
Tehama County,4,7639709781
Trinity County,4,8234229734
Tulare County,4,12494658169
Tuolumne County,4,5752062580
Ventura County,4,4773691889
Yolo County,4,2628032408
Yuba County,4,1636454192
Adams County,4,3024207713
Alamosa County,4,1871636898
Arapahoe County,4,2067070049
Archuleta County,4,3496937899
Baca County,4,6617333541
Bent County,4,3918292377
Boulder County,4,1881080439
Broomfield County,4,85557538
Chaffee County,4,2624702242
Cheyenne County,4,4605713068
Clear Creek County,4,1023632674
Conejos County,4,3334326097
Costilla County,4,3177789979
Crowley County,4,2039411297
Custer County,4,1913031045
Delta County,4,2957896781
Denver County,4,396268588
Dolores County,4,2763650142
Douglas County,4,2176232357
Eagle County,4,4362911978
Elbert County,4,4793671177
El Paso County,4,5508389808
Fremont County,4,3970627343
Garfield County,4,7634153703
Gilpin County,4,388229109
Grand County,4,4781971576
Gunnison County,4,8389228965
Hinsdale County,4,2893667726
Huerfano County,4,4120672901
Jackson County,4,4179523206
Jefferson County,4,1979289991
Kiowa County,4,4578495505
Kit Carson County,4,5596502129
Lake County,4,976194289
La Plata County,4,4382462547
Larimer County,4,6723613486
Las Animas County,4,12361162110
Lincoln County,4,6676021407
Logan County,4,4761813494
Mesa County,4,8622002815
Mineral County,4,2267965576
Moffat County,4,12285064917
Montezuma County,4,5256450876
Montrose County,4,5803373218
Morgan County,4,3316304952
Otero County,4,3268465106
Ouray County,4,1402718909
Park County,4,5682034441
Phillips County,4,1781724987
Pitkin County,4,2514094239
Prowers County,4,4243422095
Pueblo County,4,6179980907
Rio Blanco County,4,8342179365
Rio Grande County,4,2361959921
Routt County,4,6117619255
Saguache County,4,8206440775
San Juan County,4,1003588157
San Miguel County,4,3332308274
Sedgwick County,4,1419419181
Summit County,4,1575639358
Teller County,4,1442767059
Washington County,4,6521670287
Weld County,4,10326898753
Yuma County,4,6123779829
Fairfield County,1,1618456437
Hartford County,1,1903891914
Litchfield County,1,2384238980
Middlesex County,1,956486234
New Haven County,1,1565663096
New London County,1,1722025951
Tolland County,1,1062448385
Windham County,1,1328430430
Kent County,3,1518196116
New Castle County,3,1104074798
Sussex County,3,2424432871
District of Columbia,3,158114680
Alachua County,3,2266291505
Baker County,3,1515741200
Bay County,3,1964400618
Bradford County,3,761356806
Brevard County,3,2630557912
Broward County,3,3133329108
Calhoun County,3,1469389276
Charlotte County,3,1761913582
Citrus County,3,1506586255
Clay County,3,1565286048
Collier County,3,5175636190
Columbia County,3,2065707648
DeSoto County,3,1649975818
Dixie County,3,1826078949
Duval County,3,1974068274
Escambia County,3,1700226567
Flagler County,3,1257337716
Franklin County,3,1384930964
Gadsden County,3,1337293000
Gilchrist County,3,905658580
Glades County,3,2087553927
Gulf County,3,1460784877
Hamilton County,3,1330711074
Hardee County,3,1651849564
Hendry County,3,2985609243
Hernando County,3,1223869127
Highlands County,3,2633020110
Hillsborough County,3,2642341101
Holmes County,3,1240027821
Indian River County,3,1302431761
Jackson County,3,2376987362
Jefferson County,3,1549059034
Lafayette County,3,1407428266
Lake County,3,2430396019
Lee County,3,2031879249
Leon County,3,1727138746
Levy County,3,2896139279
Liberty County,3,2164095370
Madison County,3,1802497924
Manatee County,3,1924182235
Marion County,3,4103955681
Martin County,3,1407565382
Miami-Dade County,3,4915061046
Monroe County,3,2546689189
Nassau County,3,1679967676
Okaloosa County,3,2409328778
Okeechobee County,3,1991462636
Orange County,3,2339870128
Osceola County,3,3438086444
Palm Beach County,3,5101663125
Pasco County,3,1934425891
Pinellas County,3,709135878
Polk County,3,4656375819
Putnam County,3,1884532662
St. Johns County,3,1555689678
St. Lucie County,3,1481280881
Santa Rosa County,3,2620043744
Sarasota County,3,1439690708
Seminole County,3,800879349
Sumter County,3,1416548738
Suwannee County,3,1783341092
Taylor County,3,2702147548
Union County,3,630806354
Volusia County,3,2851658690
Wakulla County,3,1570616974
Walton County,3,2687435898
Washington County,3,1509453502
Appling County,3,1313333924
Atkinson County,3,878994487
Bacon County,3,669707907
Baker County,3,885629946
Baldwin County,3,667812053
Banks County,3,601112234
Barrow County,3,415198674
Bartow County,3,1190213681
Ben Hill County,3,647809208
Berrien County,3,1170407787
Bibb County,3,646879637
Bleckley County,3,559100179
Brantley County,3,1145713216
Brooks County,3,1276982395
Bryan County,3,1129148153
Bulloch County,3,1742568254
Burke County,3,2141836337
Butts County,3,477576117
Calhoun County,3,726147317
Camden County,3,1587727882
Candler County,3,629480666
Carroll County,3,1292600278
Catoosa County,3,419990951
Charlton County,3,2003553604
Chatham County,3,1104465640
Chattahoochee County,3,644223521
Chattooga County,3,811541767
Cherokee County,3,1092129613
Clarke County,3,308727523
Clay County,3,506035709
Clayton County,3,366664243
Clinch County,3,2072566618
Cobb County,3,879428364
Coffee County,3,1489494986
Colquitt County,3,1409350694
Columbia County,3,751329062
Cook County,3,588345665
Coweta County,3,1141905439
Crawford County,3,841456435
Crisp County,3,705987965
Dade County,3,450609395
Dawson County,3,546046104
Decatur County,3,1546584607
DeKalb County,3,693033963
Dodge County,3,1284348917
Dooly County,3,1015120132
Dougherty County,3,851299438
Douglas County,3,518170971
Early County,3,1327612162
Echols County,3,1074571687
Effingham County,3,1237236175
Elbert County,3,909228765
Emanuel County,3,1762755669
Evans County,3,473586453
Fannin County,3,1001608266
Fayette County,3,503344101
Floyd County,3,1320662374
Forsyth County,3,580210822
Franklin County,3,677273046
Fulton County,3,1363977166
Gilmer County,3,1104733530
Glascock County,3,372283969
Glynn County,3,1087155362
Gordon County,3,921538864
Grady County,3,1177219063
Greene County,3,1003453171
Gwinnett County,3,1114687261
Habersham County,3,716752092
Hall County,3,1017300166
Hancock County,3,1222061286
Haralson County,3,730804051
Harris County,3,1201414214
Hart County,3,601897046
Heard County,3,766714528
Henry County,3,834304554
Houston County,3,972645761
Irwin County,3,917743923
Jackson County,3,879722928
Jasper County,3,953542690
Jeff Davis County,3,856613114
Jefferson County,3,1363589314
Jenkins County,3,899448996
Johnson County,3,784793399
Jones County,3,1020281755
Lamar County,3,475262611
Lanier County,3,479824426
Laurens County,3,2090886200
Lee County,3,921475641
Liberty County,3,1268578765
Lincoln County,3,544880697
Long County,3,1036755278
Lowndes County,3,1284805506
Lumpkin County,3,732793111
McDuffie County,3,666820495
McIntosh County,3,1098929183
Macon County,3,1037654091
Madison County,3,731181736
Marion County,3,947944161
Meriwether County,3,1298161653
Miller County,3,731466754
Mitchell County,3,1326293194
Monroe County,3,1024750743
Montgomery County,3,620362830
Morgan County,3,899630975
Murray County,3,892163642
Muscogee County,3,560435436
Newton County,3,704894510
Oconee County,3,477308229
Oglethorpe County,3,1137034709
Paulding County,3,808643215
Peach County,3,389190656
Pickens County,3,601025731
Pierce County,3,819714945
Pike County,3,559659405
Polk County,3,803754838
Pulaski County,3,644987096
Putnam County,3,892610760
Quitman County,3,391703085
Rabun County,3,958276574
Randolph County,3,1109126837
Richmond County,3,840000029
Rockdale County,3,336161686
Schley County,3,432283853
Screven County,3,1670803650
Seminole County,3,609232736
Spalding County,3,508851760
Stephens County,3,463948106
Stewart County,3,1188113818
Sumter County,3,1250179595
Talbot County,3,1013691766
Taliaferro County,3,504031776
Tattnall County,3,1241648097
Taylor County,3,975612230
Telfair County,3,1132610545
Terrell County,3,868783601
Thomas County,3,1410495980
Tift County,3,670585617
Toombs County,3,942767920
Towns County,3,431395530
Treutlen County,3,516536589
Troup County,3,1072223976
Turner County,3,739164599
Twiggs County,3,928246376
Union County,3,833785120
Upson County,3,837697129
Walker County,3,1156117093
Walton County,3,843508113
Ware County,3,2311462171
Warren County,3,736328597
Washington County,3,1757182927
Wayne County,3,1662194319
Webster County,3,541613654
Wheeler County,3,765301286
White County,3,623374958
Whitfield County,3,752297142
Wilcox County,3,978250169
Wilkes County,3,1215973866
Wilkinson County,3,1158522024
Worth County,3,1478111101
Hawaii County,4,10433550395
Honolulu County,4,1555917151
Kalawao County,4,31057797
Kauai County,4,1605678326
Maui County,4,3008326306
Ada County,4,2726158067
Adams County,4,3530298662
Bannock County,4,2880035137
Bear Lake County,4,2524680722
Benewah County,4,2011429331
Bingham County,4,5423378296
Blaine County,4,6846856430
Boise County,4,4919000288
Bonner County,4,4492523343
Bonneville County,4,4833116989
Boundary County,4,3285556291
Butte County,4,5779990424
Camas County,4,2782925142
Canyon County,4,1521281478
Caribou County,4,4569116224
Cassia County,4,6643528786
Clark County,4,4569218695
Clearwater County,4,6364309391
Custer County,4,12745176171
Elmore County,4,7963533304
Franklin County,4,1718831658
Fremont County,4,4826508353
Gem County,4,1452724628
Gooding County,4,1888031360
Idaho County,4,21956239945
Jefferson County,4,2832154816
Jerome County,4,1546700901
Kootenai County,4,3222267856
Latah County,4,2786815890
Lemhi County,4,11819118494
Lewis County,4,1240073685
Lincoln County,4,3111625420
Madison County,4,1215237613
Minidoka County,4,1962152486
Nez Perce County,4,2196547487
Oneida County,4,3108143349
Owyhee County,4,19853582270
Payette County,4,1053780320
Power County,4,3636974257
Shoshone County,4,6810799882
Teton County,4,1164084404
Twin Falls County,4,4975917336
Valley County,4,9491050481
Washington County,4,3763204795
Adams County,2,2214963578
Alexander County,2,609965908
Bond County,2,984918676
Boone County,2,727059777
Brown County,2,791518279
Bureau County,2,2250780454
Calhoun County,2,657402816
Carroll County,2,1152045333
Cass County,2,973365036
Champaign County,2,2580316235
Christian County,2,1837278793
Clark County,2,1298666494
Clay County,2,1212932408
Clinton County,2,1227874498
Coles County,2,1316466333
Cook County,2,2448383588
Crawford County,2,1148994475
Cumberland County,2,896198602
DeKalb County,2,1635077221
De Witt County,2,1029554715
Douglas County,2,1079156495
DuPage County,2,848218379
Edgar County,2,1614531997
Edwards County,2,576054180
Effingham County,2,1240027936
Fayette County,2,1855679809
Ford County,2,1257738509
Franklin County,2,1059017642
Fulton County,2,2241880276
Gallatin County,2,836750424
Greene County,2,1406413796
Grundy County,2,1082725907
Hamilton County,2,1125777456
Hancock County,2,2055740516
Hardin County,2,459794312
Henderson County,2,981273730
Henry County,2,2131522072
Iroquois County,2,2893835594
Jackson County,2,1512763725
Jasper County,2,1280774187
Jefferson County,2,1479320495
Jersey County,2,956408129
Jo Daviess County,2,1556808594
Johnson County,2,890735754
Kane County,2,1346943286
Kankakee County,2,1752271023
Kendall County,2,829664827
Knox County,2,1855453788
Lake County,2,1149099822
LaSalle County,2,2939957539
Lawrence County,2,963936870
Lee County,2,1877472815
Livingston County,2,2704686611
Logan County,2,1600764560
McDonough County,2,1526558259
McHenry County,2,1562206475
McLean County,2,3064933852
Macon County,2,1503976676
Macoupin County,2,2234917323
Madison County,2,1853347576
Marion County,2,1482413602
Marshall County,2,1001778707
Mason County,2,1396619128
Massac County,2,614390561
Menard County,2,814388302
Mercer County,2,1453506907
Monroe County,2,997173442
Montgomery County,2,1822539599
Morgan County,2,1473161231
Moultrie County,2,870088946
Ogle County,2,1964698351
Peoria County,2,1603744994
Perry County,2,1144154902
Piatt County,2,1137528578
Pike County,2,2153268105
Pope County,2,955110060
Pulaski County,2,515886434
Putnam County,2,414813807
Randolph County,2,1490537612
Richland County,2,932370871
Rock Island County,2,1107573369
St. Clair County,2,1703588508
Saline County,2,983725654
Sangamon County,2,2248892510
Schuyler County,2,1132531106
Scott County,2,649861251
Shelby County,2,1964565410
Stark County,2,746121703
Stephenson County,2,1462107736
Tazewell County,2,1680835450
Union County,2,1070854490
Vermilion County,2,2326763569
Wabash County,2,578218989
Warren County,2,1404823508
Washington County,2,1457055371
Wayne County,2,1848769796
White County,2,1281438823
Whiteside County,2,1772198878
Will County,2,2167580722
Williamson County,2,1088181449
Winnebago County,2,1329601795
Woodford County,2,1366993724
Adams County,2,878079128
Allen County,2,1702419942
Bartholomew County,2,1053886348
Benton County,2,1052616479
Blackford County,2,427554649
Boone County,2,1095338966
Brown County,2,808026819
Carroll County,2,964055949
Cass County,2,1067475860
Clark County,2,965691140
Clay County,2,926029234
Clinton County,2,1049126443
Crawford County,2,791610951
Daviess County,2,1112366267
Dearborn County,2,790033471
Decatur County,2,964946111
DeKalb County,2,939710824
Delaware County,2,1015596276
Dubois County,2,1106622334
Elkhart County,2,1199605640
Fayette County,2,556883990
Floyd County,2,383149241
Fountain County,2,1024743543
Franklin County,2,995668709
Fulton County,2,954121481
Gibson County,2,1262582226
Grant County,2,1072446955
Greene County,2,1405055007
Hamilton County,2,1021147705
Hancock County,2,792577692
Harrison County,2,1254889451
Hendricks County,2,1053895149
Henry County,2,1014954691
Howard County,2,759012945
Huntington County,2,991061319
Jackson County,2,1319112546
Jasper County,2,1449421191
Jay County,2,994310208
Jefferson County,2,934029272
Jennings County,2,975346383
Johnson County,2,829903198
Knox County,2,1336514262
Kosciusko County,2,1376269814
LaGrange County,2,983222388
Lake County,2,1292303671
LaPorte County,2,1549587772
Lawrence County,2,1163339936
Madison County,2,1170454727
Marion County,2,1026408097
Marshall County,2,1148992521
Martin County,2,869555038
Miami County,2,968246709
Monroe County,2,1021773228
Montgomery County,2,1306941391
Morgan County,2,1046274750
Newton County,2,1040550429
Noble County,2,1064077860
Ohio County,2,223101869
Orange County,2,1031818152
Owen County,2,997892586
Parke County,2,1151671026
Perry County,2,988668708
Pike County,2,865673554
Porter County,2,1083011401
Posey County,2,1060783261
Pulaski County,2,1123145988
Putnam County,2,1244562066
Randolph County,2,1171656456
Ripley County,2,1156236700
Rush County,2,1057035473
St. Joseph County,2,1185826798
Scott County,2,493127224
Shelby County,2,1064866098
Spencer County,2,1027562733
Starke County,2,800653661
Steuben County,2,800149001
Sullivan County,2,1158091682
Switzerland County,2,571436429
Tippecanoe County,2,1294491529
Tipton County,2,674797764
Union County,2,417568462
Vanderburgh County,2,604697995
Vermillion County,2,665311750
Vigo County,2,1044574633
Wabash County,2,1068200229
Warren County,2,944520687
Warrick County,2,996667397
Washington County,2,1330542331
Wayne County,2,1040502885
Wells County,2,953341217
White County,2,1308266686
Whitley County,2,869120901
Adair County,2,1474404167
Adams County,2,1096700733
Allamakee County,2,1655214493
Appanoose County,2,1287981483
Audubon County,2,1147264459
Benton County,2,1855117342
Black Hawk County,2,1465333940
Boone County,2,1480356844
Bremer County,2,1127880105
Buchanan County,2,1478934897
Buena Vista County,2,1489022575
Butler County,2,1502533262
Calhoun County,2,1476209027
Carroll County,2,1474835105
Cass County,2,1461450856
Cedar County,2,1500731293
Cerro Gordo County,2,1471923432
Cherokee County,2,1494180371
Chickasaw County,2,1306338733
Clarke County,2,1116716080
Clay County,2,1469139214
Clayton County,2,2016405612
Clinton County,2,1799821282
Crawford County,2,1849742893
Dallas County,2,1524070766
Davis County,2,1300661956
Decatur County,2,1377566066
Delaware County,2,1496381153
Des Moines County,2,1077754850
Dickinson County,2,985764366
Dubuque County,2,1575501687
Emmet County,2,1025333118
Fayette County,2,1892791345
Floyd County,2,1296631086
Franklin County,2,1507301318
Fremont County,2,1323872918
Greene County,2,1475188829
Grundy County,2,1299805924
Guthrie County,2,1529699184
Hamilton County,2,1493777716
Hancock County,2,1478894985
Hardin County,2,1474498672
Harrison County,2,1804827800
Henry County,2,1124904348
Howard County,2,1225706425
Humboldt County,2,1124967281
Ida County,2,1117599646
Iowa County,2,1518916014
Jackson County,2,1647332960
Jasper County,2,1891779160
Jefferson County,2,1127964789
Johnson County,2,1590355537
Jones County,2,1490851138
Keokuk County,2,1500067240
Kossuth County,2,2519332852
Lee County,2,1340366450
Linn County,2,1856710588
Louisa County,2,1040569636
Lucas County,2,1115231642
Lyon County,2,1522007130
Madison County,2,1452999410
Mahaska County,2,1478527687
Marion County,2,1436237259
Marshall County,2,1482770678
Mills County,2,1132956394
Mitchell County,2,1215049026
Monona County,2,1797638295
Monroe County,2,1123316981
Montgomery County,2,1098405666
Muscatine County,2,1133040484
O'Brien County,2,1484154091
Osceola County,2,1032587437
Page County,2,1385494422
Palo Alto County,2,1460349241
Plymouth County,2,2234881736
Pocahontas County,2,1495047042
Polk County,2,1486121332
Pottawattamie County,2,2461213949
Poweshiek County,2,1514967877
Ringgold County,2,1386933932
Sac County,2,1489272900
Scott County,2,1186444226
Shelby County,2,1530110414
Sioux County,2,1989969635
Story County,2,1483592867
Tama County,2,1867411117
Taylor County,2,1377618597
Union County,2,1097235730
Van Buren County,2,1255597645
Wapello County,2,1118443326
Warren County,2,1475844938
Washington County,2,1473276393
Wayne County,2,1360874542
Webster County,2,1853443769
Winnebago County,2,1037261544
Winneshiek County,2,1786750121
Woodbury County,2,2260629616
Worth County,2,1036314948
Wright County,2,1503286817
Allen County,2,1295779123
Anderson County,2,1501276302
Atchison County,2,1116729659
Barber County,2,2937235546
Barton County,2,2319075093
Bourbon County,2,1645861744
Brown County,2,1478551884
Butler County,2,3703329246
Chase County,2,2002216830
Chautauqua County,2,1654693205
Cherokee County,2,1521793550
Cheyenne County,2,2641495949
Clark County,2,2524286181
Clay County,2,1671322093
Cloud County,2,1852726587
Coffey County,2,1623784229
Comanche County,2,2041681413
Cowley County,2,2915679697
Crawford County,2,1527461827
Decatur County,2,2314199313
Dickinson County,2,2193906542
Doniphan County,2,1018914848
Douglas County,2,1180699859
Edwards County,2,1610697086
Elk County,2,1668637984
Ellis County,2,2330762469
Ellsworth County,2,1854034693
Finney County,2,3372079580
Ford County,2,2844508251
Franklin County,2,1480840246
Geary County,2,996156662
Gove County,2,2775599078
Graham County,2,2327160854
Grant County,2,1488724794
Gray County,2,2250356182
Greeley County,2,2016176814
Greenwood County,2,2961132699
Hamilton County,2,2580942885
Harper County,2,2075276375
Harvey County,2,1397957172
Haskell County,2,1495773065
Hodgeman County,2,2227369168
Jackson County,2,1699594134
Jefferson County,2,1379359803
Jewell County,2,2356321996
Johnson County,2,1226034453
Kearny County,2,2254697108
Kingman County,2,2236099115
Kiowa County,2,1871626797
Labette County,2,1671305414
Lane County,2,1858200248
Leavenworth County,2,1198726879
Lincoln County,2,1863226611
Linn County,2,1538604962
Logan County,2,2779042457
Lyon County,2,2194947808
McPherson County,2,2326520077
Marion County,2,2445700985
Marshall County,2,2331463499
Meade County,2,2533234935
Miami County,2,1490955548
Mitchell County,2,1817632788
Montgomery County,2,1666728264
Morris County,2,1800763909
Morton County,2,1889993253
Nemaha County,2,1858126462
Neosho County,2,1480106485
Ness County,2,2783590502
Norton County,2,2274357034
Osage County,2,1827283988
Osborne County,2,2311573881
Ottawa County,2,1866689468
Pawnee County,2,1953531750
Phillips County,2,2294410181
Pottawatomie County,2,2178235871
Pratt County,2,1903757176
Rawlins County,2,2769775797
Reno County,2,3251332369
Republic County,2,1857981647
Rice County,2,1880944775
Riley County,2,1579300177
Rooks County,2,2306470146
Rush County,2,1858997569
Russell County,2,2295402664
Saline County,2,1865373525
Scott County,2,1858430303
Sedgwick County,2,2583543968
Seward County,2,1656290756
Shawnee County,2,1408995941
Sheridan County,2,2320518450
Sherman County,2,2735199253
Smith County,2,2319243495
Stafford County,2,2051389748
Stanton County,2,1762086193
Stevens County,2,1883679100
Sumner County,2,3061212453
Thomas County,2,2783425324
Trego County,2,2303736575
Wabaunsee County,2,2057231892
Wallace County,2,2366348080
Washington County,2,2317406254
Wichita County,2,1861082136
Wilson County,2,1477377048
Woodson County,2,1289347304
Wyandotte County,2,392642353
Adair County,3,1049677374
Allen County,3,891830109
Anderson County,3,522742422
Ballard County,3,638843574
Barren County,3,1262724748
Bath County,3,722067811
Bell County,3,929806795
Boone County,3,638067340
Bourbon County,3,750369577
Boyd County,3,414046208
Boyle County,3,466634989
Bracken County,3,532533237
Breathitt County,3,1275344480
Breckinridge County,3,1468969244
Bullitt County,3,769288200
Butler County,3,1103562315
Caldwell County,3,893004660
Calloway County,3,997200826
Campbell County,3,391886628
Carlisle County,3,490632430
Carroll County,3,332992509
Carter County,3,1060589533
Casey County,3,1150549958
Christian County,3,1858324233
Clark County,3,653877332
Clay County,3,1215344973
Clinton County,3,510864195
Crittenden County,3,932270911
Cumberland County,3,790416904
Daviess County,3,1187111257
Edmonson County,3,784464284
Elliott County,3,606873739
Estill County,3,655468626
Fayette County,3,734648526
Fleming County,3,902720074
Floyd County,3,1018758276
Franklin County,3,538061269
Fulton County,3,532251963
Gallatin County,3,262194985
Garrard County,3,595897447
Grant County,3,668125059
Graves County,3,1429006936
Grayson County,3,1286441869
Green County,3,740825297
Greenup County,3,891983450
Hancock County,3,486017475
Hardin County,3,1614282063
Harlan County,3,1206487719
Harrison County,3,793479419
Hart County,3,1067297497
Henderson County,3,1130968068
Henry County,3,741450181
Hickman County,3,627487774
Hopkins County,3,1403760753
Jackson County,3,894065212
Jefferson County,3,985273984
Jessamine County,3,445777146
Johnson County,3,678455744
Kenton County,3,415044980
Knott County,3,910427420
Knox County,3,1000505156
Larue County,3,677331504
Laurel County,3,1123932843
Lawrence County,3,1076386638
Lee County,3,540937729
Leslie County,3,1038181523
Letcher County,3,875192707
Lewis County,3,1250540292
Lincoln County,3,865301109
Livingston County,3,810995883
Logan County,3,1430013728
Lyon County,3,553843392
McCracken County,3,644243006
McCreary County,3,1105414665
McLean County,3,653905327
Madison County,3,1132583005
Magoffin County,3,798865721
Marion County,3,888387260
Marshall County,3,780240711
Martin County,3,594673664
Mason County,3,621927429
Meade County,3,791042872
Menifee County,3,527282371
Mercer County,3,644381848
Metcalfe County,3,750178224
Monroe County,3,853073262
Montgomery County,3,511174863
Morgan County,3,987113548
Muhlenberg County,3,1209728681
Nelson County,3,1081351761
Nicholas County,3,505489592
Ohio County,3,1521032417
Oldham County,3,484893493
Owen County,3,909351754
Owsley County,3,511282528
Pendleton County,3,717833417
Perry County,3,879740535
Pike County,3,2037887589
Powell County,3,463554647
Pulaski County,3,1705268187
Robertson County,3,258767993
Rockcastle County,3,819847035
Rowan County,3,724666477
Russell County,3,656969251
Scott County,3,729770453
Shelby County,3,983253588
Simpson County,3,606585453
Spencer County,3,483492140
Taylor County,3,689784222
Todd County,3,969940558
Trigg County,3,1143307323
Trimble County,3,392766226
Union County,3,887974290
Warren County,3,1402737981
Washington County,3,769916143
Wayne County,3,1186655607
Webster County,3,859728365
Whitley County,3,1133973877
Wolfe County,3,575419453
Woodford County,3,488948318
Acadia Parish,3,1696750566
Allen Parish,3,1973174715
Ascension Parish,3,751046853
Assumption Parish,3,877120860
Avoyelles Parish,3,2155994488
Beauregard Parish,3,2997501973
Bienville Parish,3,2101174885
Bossier Parish,3,2175737961
Caddo Parish,3,2275405029
Calcasieu Parish,3,2754864273
Caldwell Parish,3,1371203807
Cameron Parish,3,3327842145
Catahoula Parish,3,1833789263
Claiborne Parish,3,1955125902
Concordia Parish,3,1805014057
De Soto Parish,3,2267739158
East Baton Rouge Parish,3,1179412087
East Carroll Parish,3,1089619046
East Feliciana Parish,3,1174325549
Evangeline Parish,3,1715550341
Franklin Parish,3,1617667724
Grant Parish,3,1665428895
Iberia Parish,3,1486940445
Iberville Parish,3,1602236448
Jackson Parish,3,1474178126
Jefferson Parish,3,765682649
Jefferson Davis Parish,3,1686931782
Lafayette Parish,3,695980407
Lafourche Parish,3,2766662214
La Salle Parish,3,1617923154
Lincoln Parish,3,1221806070
Livingston Parish,3,1678749073
Madison Parish,3,1617283455
Morehouse Parish,3,2058870285
Natchitoches Parish,3,3243311940
Orleans Parish,3,438803381
Ouachita Parish,3,1580944616
Plaquemines Parish,3,2019961046
Pointe Coupee Parish,3,1443519892
Rapides Parish,3,3413506392
Red River Parish,3,1007738674
Richland Parish,3,1447914686
Sabine Parish,3,2244636736
St. Bernard Parish,3,977764266
St. Charles Parish,3,722820579
St. Helena Parish,3,1057758275
St. James Parish,3,625577772
St. John the Baptist Parish,3,551851752
St. Landry Parish,3,2392836670
St. Martin Parish,3,1910498478
St. Mary Parish,3,1438424557
St. Tammany Parish,3,2189966775
Tangipahoa Parish,3,2049391733
Tensas Parish,3,1561204557
Terrebonne Parish,3,3190385866
Union Parish,3,2271389460
Vermilion Parish,3,3038572441
Vernon Parish,3,3439271369
Washington Parish,3,1734061145
Webster Parish,3,1535939758
West Baton Rouge Parish,3,498298900
West Carroll Parish,3,931478647
West Feliciana Parish,3,1044318335
Winn Parish,3,2460712069
Androscoggin County,1,1211926439
Aroostook County,1,17278664655
Cumberland County,1,2163263369
Franklin County,1,4394196449
Hancock County,1,4110034060
Kennebec County,1,2246876912
Knox County,1,945691411
Lincoln County,1,1180563700
Oxford County,1,5378990983
Penobscot County,1,8799125852
Piscataquis County,1,10258570727
Sagadahoc County,1,657066836
Somerset County,1,10164156961
Waldo County,1,1890479704
Washington County,1,6637257545
York County,1,2565935077
Allegany County,3,1098563627
Anne Arundel County,3,1074590684
Baltimore County,3,1549594703
Calvert County,3,552061078
Caroline County,3,827292416
Carroll County,3,1159264845
Cecil County,3,896842957
Charles County,3,1185563933
Dorchester County,3,1400575316
Frederick County,3,1709964627
Garrett County,3,1675989023
Harford County,3,1132055422
Howard County,3,649416399
Kent County,3,717505271
Montgomery County,3,1272343169
Prince George's County,3,1250163582
Queen Anne's County,3,963235987
St. Mary's County,3,925092041
Somerset County,3,828079452
Talbot County,3,695511159
Washington County,3,1185644157
Wicomico County,3,969804281
Worcester County,3,1212841011
Baltimore city,3,209643241
Barnstable County,1,1019738402
Berkshire County,1,2400465435
Bristol County,1,1432510950
Dukes County,1,267403794
Essex County,1,1275732137
Franklin County,1,1811228845
Hampden County,1,1598385896
Hampshire County,1,1365585170
Middlesex County,1,2118135038
Nantucket County,1,116471398
Norfolk County,1,1025908386
Plymouth County,1,1706996627
Suffolk County,1,150618894
Worcester County,1,3912876833
Alcona County,2,1747168145
Alger County,2,2370019042
Allegan County,2,2137337922
Alpena County,2,1481110566
Antrim County,2,1232064018
Arenac County,2,940660726
Baraga County,2,2326474801
Barry County,2,1432500402
Bay County,2,1145557748
Benzie County,2,828028289
Berrien County,2,1470457874
Branch County,2,1311488743
Calhoun County,2,1829135298
Cass County,2,1269253670
Charlevoix County,2,1078313350
Cheboygan County,2,1852525483
Chippewa County,2,4036289692
Clare County,2,1461569881
Clinton County,2,1466991079
Crawford County,2,1440758147
Delta County,2,3033124287
Dickinson County,2,1972018016
Eaton County,2,1489695507
Emmet County,2,1210803605
Genesee County,2,1649763682
Gladwin County,2,1299601369
Gogebic County,2,2853775286
Grand Traverse County,2,1202611911
Gratiot County,2,1472313856
Hillsdale County,2,1549158422
Houghton County,2,2613554735
Huron County,2,2164469622
Ingham County,2,1440343968
Ionia County,2,1479671240
Iosco County,2,1422153154
Iron County,2,3020312287
Isabella County,2,1483225590
Jackson County,2,1817306121
Kalamazoo County,2,1454688724
Kalkaska County,2,1450043265
Kent County,2,2193584722
Keweenaw County,2,1398883200
Lake County,2,1469481397
Lapeer County,2,1665397257
Leelanau County,2,899168573
Lenawee County,2,1941337767
Livingston County,2,1464001028
Luce County,2,2328602234
Mackinac County,2,2645851022
Macomb County,2,1241183094
Manistee County,2,1404159906
Marquette County,2,4683737366
Mason County,2,1282232870
Mecosta County,2,1437626850
Menominee County,2,2704152851
Midland County,2,1337087878
Missaukee County,2,1462634072
Monroe County,2,1422924260
Montcalm County,2,1826976057
Montmorency County,2,1415851499
Muskegon County,2,1293040828
Newaygo County,2,2106188282
Oakland County,2,2247237402
Oceana County,2,1326257820
Ogemaw County,2,1459425916
Ontonagon County,2,3396056253
Osceola County,2,1466946699
Oscoda County,2,1465236876
Otsego County,2,1333769920
Ottawa County,2,1459373665
Presque Isle County,2,1706074274
Roscommon County,2,1345849993
Saginaw County,2,2072284641
St. Clair County,2,1867822812
St. Joseph County,2,1296524618
Sanilac County,2,2493035045
Schoolcraft County,2,3033804451
Shiawassee County,2,1374422924
Tuscola County,2,2080088206
Van Buren County,2,1573351092
Washtenaw County,2,1828442046
Wayne County,2,1585280173
Wexford County,2,1463347858
Aitkin County,2,4718084060
Anoka County,2,1095590050
Becker County,2,3406359731
Beltrami County,2,6487764440
Benton County,2,1057494279
Big Stone County,2,1292461863
Blue Earth County,2,1936906099
Brown County,2,1582716009
Carlton County,2,2230967465
Carver County,2,917697893
Cass County,2,5235770376
Chippewa County,2,1505097828
Chisago County,2,1074486739
Clay County,2,2707485607
Clearwater County,2,2587242195
Cook County,2,3761380730
Cottonwood County,2,1653992908
Crow Wing County,2,2587642841
Dakota County,2,1456007312
Dodge County,2,1137719781
Douglas County,2,1650598293
Faribault County,2,1845304181
Fillmore County,2,2230756787
Freeborn County,2,1831346129
Goodhue County,2,1960200576
Grant County,2,1419728446
Hennepin County,2,1433793826
Houston County,2,1429824576
Hubbard County,2,2397485927
Isanti County,2,1128701342
Itasca County,2,6909367239
Jackson County,2,1820713972
Kanabec County,2,1350902712
Kandiyohi County,2,2063662339
Kittson County,2,2845889450
Koochiching County,2,8039503592
Lac qui Parle County,2,1981394636
Lake County,2,5463040779
Lake of the Woods County,2,3361466280
Le Sueur County,2,1162284309
Lincoln County,2,1390192941
Lyon County,2,1850698900
McLeod County,2,1272903896
Mahnomen County,2,1444896195
Marshall County,2,4597404993
Martin County,2,1844971122
Meeker County,2,1575174983
Mille Lacs County,2,1482276069
Morrison County,2,2913897170
Mower County,2,1842332613
Murray County,2,1825169529
Nicollet County,2,1161593168
Nobles County,2,1852116504
Norman County,2,2260512228
Olmsted County,2,1692165422
Otter Tail County,2,5107632889
Pennington County,2,1596909321
Pine County,2,3655220961
Pipestone County,2,1204486122
Polk County,2,5105199042
Pope County,2,1734549440
Ramsey County,2,394228284
Red Lake County,2,1119929367
Redwood County,2,2275491832
Renville County,2,2545715384
Rice County,2,1283814887
Rock County,2,1249552632
Roseau County,2,4329428887
St. Louis County,2,16180692391
Scott County,2,923268376
Sherburne County,2,1121251072
Sibley County,2,1524931233
Stearns County,2,3478697697
Steele County,2,1112775578
Stevens County,2,1459726518
Swift County,2,1921985452
Todd County,2,2447491054
Traverse County,2,1486399478
Wabasha County,2,1354518312
Wadena County,2,1388928925
Waseca County,2,1096487773
Washington County,2,995285532
Watonwan County,2,1126508610
Wilkin County,2,1944970552
Winona County,2,1621864753
Wright County,2,1713164762
Yellow Medicine County,2,1966062753
Adams County,3,1197628202
Alcorn County,3,1036092671
Amite County,3,1890950982
Attala County,3,1903594473
Benton County,3,1053131367
Bolivar County,3,2270314566
Calhoun County,3,1519218090
Carroll County,3,1627140835
Chickasaw County,3,1299602163
Choctaw County,3,1083074478
Claiborne County,3,1262375165
Clarke County,3,1791117740
Clay County,3,1062093753
Coahoma County,3,1430818231
Copiah County,3,2013052970
Covington County,3,1071716796
DeSoto County,3,1233210616
Forrest County,3,1207748039
Franklin County,3,1460181336
George County,3,1239849234
Greene County,3,1846027833
Grenada County,3,1093251406
Hancock County,3,1227002554
Harrison County,3,1486637454
Hinds County,3,2252618859
Holmes County,3,1959840949
Humphreys County,3,1083886754
Issaquena County,3,1069781903
Itawamba County,3,1379911657
Jackson County,3,1871923538
Jasper County,3,1751461017
Jefferson County,3,1346620575
Jefferson Davis County,3,1057862259
Jones County,3,1799510829
Kemper County,3,1984403181
Lafayette County,3,1636116444
Lamar County,3,1287367637
Lauderdale County,3,1822402881
Lawrence County,3,1115424285
Leake County,3,1509963962
Lee County,3,1165367603
Leflore County,3,1534668183
Lincoln County,3,1518030804
Lowndes County,3,1309262931
Madison County,3,1850562626
Marion County,3,1404766851
Marshall County,3,1829030244
Monroe County,3,1981584651
Montgomery County,3,1054074954
Neshoba County,3,1476657637
Newton County,3,1497282694
Noxubee County,3,1800400143
Oktibbeha County,3,1186733896
Panola County,3,1774515519
Pearl River County,3,2100125644
Perry County,3,1676373773
Pike County,3,1059342907
Pontotoc County,3,1289009028
Prentiss County,3,1074793690
Quitman County,3,1048977108
Rankin County,3,2008496804
Scott County,3,1577781371
Sharkey County,3,1118149626
Simpson County,3,1525925833
Smith County,3,1647885256
Stone County,3,1153800111
Sunflower County,3,1807175516
Tallahatchie County,3,1671287200
Tate County,3,1048320034
Tippah County,3,1185734808
Tishomingo County,3,1098813904
Tunica County,3,1177584065
Union County,3,1076394333
Walthall County,3,1046210318
Warren County,3,1524210117
Washington County,3,1877071141
Wayne County,3,2099832593
Webster County,3,1090230505
Wilkinson County,3,1756287189
Winston County,3,1572757155
Yalobusha County,3,1209858331
Yazoo County,3,2390421148
Adair County,2,1469361117
Andrew County,2,1120694861
Atchison County,2,1417505255
Audrain County,2,1792879633
Barry County,2,2015660483
Barton County,2,1533067694
Bates County,2,2167014473
Benton County,2,1823507941
Bollinger County,2,1600368466
Boone County,2,1775212930
Buchanan County,2,1056784404
Butler County,2,1799185123
Caldwell County,2,1104352197
Callaway County,2,2161538606
Camden County,2,1698831838
Cape Girardeau County,2,1498398199
Carroll County,2,1799061284
Carter County,2,1314058615
Cass County,2,1804797172
Cedar County,2,1228906021
Chariton County,2,1945550588
Christian County,2,1457243827
Clark County,2,1307146971
Clay County,2,1028998027
Clinton County,2,1085089929
Cole County,2,1019808362
Cooper County,2,1462735802
Crawford County,2,1923109129
Dade County,2,1269124871
Dallas County,2,1400586526
Daviess County,2,1458784509
DeKalb County,2,1091307336
Dent County,2,1949717319
Douglas County,2,2107296301
Dunklin County,2,1401361859
Franklin County,2,2389732948
Gasconade County,2,1341103601
Gentry County,2,1272776760
Greene County,2,1749030414
Grundy County,2,1127360747
Harrison County,2,1871276203
Henry County,2,1805085008
Hickory County,2,1033641536
Holt County,2,1198369596
Howard County,2,1201362829
Howell County,2,2401562178
Iron County,2,1425165244
Jackson County,2,1565549922
Jasper County,2,1653674930
Jefferson County,2,1700660922
Johnson County,2,2147829735
Knox County,2,1305381639
Laclede County,2,1980608825
Lafayette County,2,1627634631
Lawrence County,2,1584390538
Lewis County,2,1308052730
Lincoln County,2,1622772175
Linn County,2,1594303225
Livingston County,2,1378726390
McDonald County,2,1397247203
Macon County,2,2075167141
Madison County,2,1280463424
Maries County,2,1364869338
Marion County,2,1131627516
Mercer County,2,1175427598
Miller County,2,1534813196
Mississippi County,2,1065995440
Moniteau County,2,1074910753
Monroe County,2,1677414025
Montgomery County,2,1388874432
Morgan County,2,1547855851
New Madrid County,2,1747828331
Newton County,2,1618133227
Nodaway County,2,2271326393
Oregon County,2,2045561195
Osage County,2,1565248144
Ozark County,2,1929467474
Pemiscot County,2,1275682068
Perry County,2,1228570257
Pettis County,2,1766947035
Phelps County,2,1739911952
Pike County,2,1736425445
Platte County,2,1088286859
Polk County,2,1645996569
Pulaski County,2,1416979227
Putnam County,2,1339845120
Ralls County,2,1216726347
Randolph County,2,1250145642
Ray County,2,1473198814
Reynolds County,2,2093947170
Ripley County,2,1630492528
St. Charles County,2,1451520382
St. Clair County,2,1735247885
Ste. Genevieve County,2,1292799524
St. Francois County,2,1170380864
St. Louis County,2,1315195242
Saline County,2,1956746210
Schuyler County,2,795911533
Scotland County,2,1130971492
Scott County,2,1087768829
Shannon County,2,2599881132
Shelby County,2,1297230497
Stoddard County,2,2132134868
Stone County,2,1201840755
Sullivan County,2,1678263572
Taney County,2,1638002904
Texas County,2,3049104495
Vernon County,2,2140360166
Warren County,2,1110071693
Washington County,2,1968164689
Wayne County,2,1966257806
Webster County,2,1534729111
Worth County,2,690523510
Wright County,2,1765779860
St. Louis city,2,160343174
Beaverhead County,4,14352738393
Big Horn County,4,12938187715
Blaine County,4,10949294445
Broadwater County,4,3088667752
Carbon County,4,5306336324
Carter County,4,8652506323
Cascade County,4,6988196577
Chouteau County,4,10288696814
Custer County,4,9798863306
Daniels County,4,3693594413
Dawson County,4,6143100615
Deer Lodge County,4,1907605107
Fallon County,4,4197780621
Fergus County,4,11240038932
Flathead County,4,13176979222
Gallatin County,4,6740934490
Garfield County,4,12109116880
Glacier County,4,7759441299
Golden Valley County,4,3044122460
Granite County,4,4473983997
Hill County,4,7508258549
Jefferson County,4,4289687010
Judith Basin County,4,4842813779
Lake County,4,3859469950
Lewis and Clark County,4,8958322731
Liberty County,4,3703800609
Lincoln County,4,9357408916
McCone County,4,6845784269
Madison County,4,9291541248
Meagher County,4,6195025766
Mineral County,4,3158326912
Missoula County,4,6716936093
Musselshell County,4,4838499504
Park County,4,7259898824
Petroleum County,4,4286096708
Phillips County,4,13312629334
Pondera County,4,4203194623
Powder River County,4,8539962788
Powell County,4,6025327864
Prairie County,4,4498127620
Ravalli County,4,6192198176
Richland County,4,5397905671
Roosevelt County,4,6098886500
Rosebud County,4,12976880880
Sanders County,4,7149723773
Sheridan County,4,4343616730
Silver Bow County,4,1860847940
Stillwater County,4,4649935552
Sweet Grass County,4,4804957748
Teton County,4,5885423184
Toole County,4,4961503682
Treasure County,4,2531448178
Valley County,4,12757810954
Wheatland County,4,3686057039
Wibaux County,4,2303184548
Yellowstone County,4,6820199333
Adams County,2,1458868867
Antelope County,2,2220183930
Arthur County,2,1852759801
Banner County,2,1932426927
Blaine County,2,1841156202
Boone County,2,1778165884
Box Butte County,2,2784995043
Boyd County,2,1398437421
Brown County,2,3163238171
Buffalo County,2,2507398525
Burt County,2,1273189665
Butler County,2,1514900899
Cass County,2,1443778631
Cedar County,2,1917398625
Chase County,2,2316533574
Cherry County,2,15437421571
Cheyenne County,2,3098368319
Clay County,2,1482222817
Colfax County,2,1066193904
Cuming County,2,1477895767
Custer County,2,6670570294
Dakota County,2,684416224
Dawes County,2,3616823898
Dawson County,2,2623905741
Deuel County,2,1139208954
Dixon County,2,1233434205
Dodge County,2,1369341649
Douglas County,2,850693384
Dundy County,2,2381954077
Fillmore County,2,1490202759
Franklin County,2,1491356076
Frontier County,2,2524180489
Furnas County,2,1862542551
Gage County,2,2205352156
Garden County,2,4414071674
Garfield County,2,1475749482
Gosper County,2,1186616260
Grant County,2,2010409972
Greeley County,2,1475804031
Hall County,2,1414881257
Hamilton County,2,1406047715
Harlan County,2,1433470225
Hayes County,2,1846821508
Hitchcock County,2,1838742700
Holt County,2,6248083787
Hooker County,2,1867695559
Howard County,2,1474576349
Jefferson County,2,1476771431
Johnson County,2,973968264
Kearney County,2,1337065724
Keith County,2,2749531266
Keya Paha County,2,2002246688
Kimball County,2,2465269246
Knox County,2,2870614119
Lancaster County,2,2169240553
Lincoln County,2,6640905294
Logan County,2,1478003028
Loup County,2,1471864091
McPherson County,2,2224737034
Madison County,2,1483396470
Merrick County,2,1255835783
Morrill County,2,3687723807
Nance County,2,1143824006
Nemaha County,2,1055115270
Nuckolls County,2,1489645213
Otoe County,2,1594475793
Pawnee County,2,1116478095
Perkins County,2,2287828141
Phelps County,2,1398048596
Pierce County,2,1484707293
Platte County,2,1745805649
Polk County,2,1135308002
Red Willow County,2,1856983744
Richardson County,2,1429258779
Rock County,2,2611532223
Saline County,2,1486698620
Sarpy County,2,618982000
Saunders County,2,1943096642
Scotts Bluff County,2,1915039277
Seward County,2,1479990428
Sheridan County,2,6321803579
Sherman County,2,1465488702
Sioux County,2,5352832471
Stanton County,2,1108381561
Thayer County,2,1486153333
Thomas County,2,1847272741
Thurston County,2,1019377309
Valley County,2,1471237329
Washington County,2,1009986004
Wayne County,2,1147143891
Webster County,2,1489018081
Wheeler County,2,1489715284
York County,2,1482793088
Churchill County,4,12769826211
Clark County,4,20438710673
Douglas County,4,1838164305
Elko County,4,44469662857
Esmeralda County,4,9277017113
Eureka County,4,10814970882
Humboldt County,4,24969444419
Lander County,4,14219305794
Lincoln County,4,27539866410
Lyon County,4,5183049296
Mineral County,4,9719820866
Nye County,4,47090965923
Pershing County,4,15634626982
Storey County,4,680960552
Washoe County,4,16323051686
White Pine County,4,22987820587
Carson City,4,374672985
Belknap County,1,1036596332
Carroll County,1,2411436914
Cheshire County,1,1830241632
Coos County,1,4648212655
Grafton County,1,4425640635
Hillsborough County,1,2269188527
Merrimack County,1,2419349805
Rockingham County,1,1799316831
Strafford County,1,955640569
Sullivan County,1,1391635377
Atlantic County,1,1439267859
Bergen County,1,603490137
Burlington County,1,2068303255
Camden County,1,573067842
Cape May County,1,651187425
Cumberland County,1,1252784157
Essex County,1,326888224
Gloucester County,1,833989655
Hudson County,1,119634159
Hunterdon County,1,1108046234
Mercer County,1,581601212
Middlesex County,1,800083087
Monmouth County,1,1214167244
Morris County,1,1191852367
Ocean County,1,1628534966
Passaic County,1,478093122
Salem County,1,859613601
Somerset County,1,781692692
Sussex County,1,1344239274
Union County,1,266393116
Warren County,1,924412063
Bernalillo County,4,3006530549
Catron County,4,17932273698
Chaves County,4,15708988921
Cibola County,4,11757199036
Colfax County,4,9733329419
Curry County,4,3638407189
De Baca County,4,6015566556
Doa Ana County,4,9861408558
Eddy County,4,10815079253
Grant County,4,10260561575
Guadalupe County,4,7848912419
Harding County,4,5504869120
Hidalgo County,4,8901429611
Lea County,4,11372460346
Lincoln County,4,12512467751
Los Alamos County,4,282740301
Luna County,4,7679802477
McKinley County,4,14114940579
Mora County,4,5001977314
Otero County,4,17128132348
Quay County,4,7444529760
Rio Arriba County,4,15179497392
Roosevelt County,4,6338816708
Sandoval County,4,9610539961
San Juan County,4,14278776370
San Miguel County,4,12213918594
Santa Fe County,4,4945359181
Sierra County,4,10823447042
Socorro County,4,17214817782
Taos County,4,5706029510
Torrance County,4,8663108604
Union County,4,9903449966
Valencia County,4,2761380350
Albany County,1,1354056384
Allegany County,1,2665894548
Bronx County,1,109028908
Broome County,1,1827925580
Cattaraugus County,1,3388612085
Cayuga County,1,1791189978
Chautauqua County,1,2745973829
Chemung County,1,1055035677
Chenango County,1,2314279661
Clinton County,1,2688025469
Columbia County,1,1643879273
Cortland County,1,1291782573
Delaware County,1,3735902531
Dutchess County,1,2060671707
Erie County,1,2700563452
Essex County,1,4647029522
Franklin County,1,4219398044
Fulton County,1,1283258864
Genesee County,1,1276697637
Greene County,1,1676140222
Hamilton County,1,4447975965
Herkimer County,1,3655689412
Jefferson County,1,3285632368
Kings County,1,183412016
Lewis County,1,3301404174
Livingston County,1,1636257346
Madison County,1,1696033233
Monroe County,1,1702154292
Montgomery County,1,1043875858
Nassau County,1,737411094
New York County,1,59126033
Niagara County,1,1352903595
Oneida County,1,3140175831
Onondaga County,1,2016019983
Ontario County,1,1668121832
Orange County,1,2102256780
Orleans County,1,1013357365
Oswego County,1,2464761256
Otsego County,1,2594391877
Putnam County,1,596504166
Queens County,1,281096933
Rensselaer County,1,1689789426
Richmond County,1,151178512
Rockland County,1,449492975
St. Lawrence County,1,6942144728
Saratoga County,1,2097849013
Schenectady County,1,529693619
Schoharie County,1,1610503950
Schuyler County,1,850379456
Seneca County,1,838393327
Steuben County,1,3601531651
Suffolk County,1,2362201496
Sullivan County,1,2507450206
Tioga County,1,1343172320
Tompkins County,1,1229334487
Ulster County,1,2911755518
Warren County,1,2245395916
Washington County,1,2152756071
Wayne County,1,1563902765
Westchester County,1,1114982482
Wyoming County,1,1535205959
Yates County,1,875785717
Alamance County,3,1098007863
Alexander County,3,673381461
Alleghany County,3,608801116
Anson County,3,1376453053
Ashe County,3,1103683753
Avery County,3,639951854
Beaufort County,3,2142417945
Bertie County,3,1811100404
Bladen County,3,2264498846
Brunswick County,3,2193650178
Buncombe County,3,1700772614
Burke County,3,1313381247
Cabarrus County,3,936925455
Caldwell County,3,1221349765
Camden County,3,623038021
Carteret County,3,1311185243
Caswell County,3,1100542142
Catawba County,3,1032683744
Chatham County,3,1766851529
Cherokee County,3,1179547136
Chowan County,3,446702391
Clay County,3,556201310
Cleveland County,3,1202408392
Columbus County,3,2427578082
Craven County,3,1836191667
Cumberland County,3,1689487711
Currituck County,3,678194049
Dare County,3,993052150
Davidson County,3,1431421129
Davie County,3,684029311
Duplin County,3,2113998631
Durham County,3,740672748
Edgecombe County,3,1308814792
Forsyth County,3,1057097245
Franklin County,3,1273451203
Gaston County,3,922106205
Gates County,3,881747682
Graham County,3,756481641
Granville County,3,1376758990
Greene County,3,688749236
Guilford County,3,1672364534
Halifax County,3,1875375057
Harnett County,3,1541008895
Haywood County,3,1434055217
Henderson County,3,966241824
Hertford County,3,914421664
Hoke County,3,1012022108
Hyde County,3,1586884785
Iredell County,3,1486221270
Jackson County,3,1271048658
Johnston County,3,2049455206
Jones County,3,1219128858
Lee County,3,660341698
Lenoir County,3,1037527054
Lincoln County,3,771655597
McDowell County,3,1141169175
Macon County,3,1335290241
Madison County,3,1164379747
Martin County,3,1194547357
Mecklenburg County,3,1356745512
Mitchell County,3,573487628
Montgomery County,3,1273651813
Moore County,3,1807404472
Nash County,3,1399646368
New Hanover County,3,496071702
Northampton County,3,1389757849
Onslow County,3,1975496912
Orange County,3,1030705790
Pamlico County,3,871627408
Pasquotank County,3,587616860
Pender County,3,2252758539
Perquimans County,3,639957337
Person County,3,1016108548
Pitt County,3,1688606138
Polk County,3,615871126
Randolph County,3,2026710821
Richmond County,3,1227191624
Robeson County,3,2458470383
Rockingham County,3,1464770304
Rowan County,3,1324451332
Rutherford County,3,1461144059
Sampson County,3,2446865522
Scotland County,3,825803818
Stanly County,3,1023267267
Stokes County,3,1162535003
Surry County,3,1378304182
Swain County,3,1367504099
Transylvania County,3,980383414
Tyrrell County,3,1007595142
Union County,3,1635630037
Vance County,3,656606884
Wake County,3,2163206258
Warren County,3,1109696231
Washington County,3,901664508
Watauga County,3,809515805
Wayne County,3,1432488557
Wilkes County,3,1953571382
Wilson County,3,953567109
Yadkin County,3,867203563
Yancey County,3,809623022
Adams County,2,2557922251
Barnes County,2,3863106624
Benson County,2,3596736786
Billings County,2,2975515808
Bottineau County,2,4321189959
Bowman County,2,3009066810
Burke County,2,2858226820
Burleigh County,2,4228552194
Cass County,2,4571166077
Cavalier County,2,3855846875
Dickey County,2,2930494938
Divide County,2,3265421252
Dunn County,2,5201886375
Eddy County,2,1632134239
Emmons County,2,3912008054
Foster County,2,1645814578
Golden Valley County,2,2592024347
Grand Forks County,2,3720196548
Grant County,2,4297150375
Griggs County,2,1835821650
Hettinger County,2,2932439374
Kidder County,2,3499563866
LaMoure County,2,2967978523
Logan County,2,2571385626
McHenry County,2,4853519308
McIntosh County,2,2524546555
McKenzie County,2,7149203878
McLean County,2,5467142997
Mercer County,2,2701246664
Morton County,2,4989016959
Mountrail County,2,4727500245
Nelson County,2,2542784509
Oliver County,2,1871293986
Pembina County,2,2897404213
Pierce County,2,2638162604
Ramsey County,2,3073936800
Ransom County,2,2233494202
Renville County,2,2271556786
Richland County,2,3718650537
Rolette County,2,2338963694
Sargent County,2,2223539399
Sheridan County,2,2518450003
Sioux County,2,2833691263
Slope County,2,3146633069
Stark County,2,3456948249
Steele County,2,1844629354
Stutsman County,2,5754239519
Towner County,2,2653599962
Traill County,2,2232438235
Walsh County,2,3320186385
Ward County,2,5214369294
Wells County,2,3291995693
Williams County,2,5380444836
Adams County,2,1512208946
Allen County,2,1042458893
Ashland County,2,1095434931
Ashtabula County,2,1817993244
Athens County,2,1304313482
Auglaize County,2,1039585234
Belmont County,2,1378206525
Brown County,2,1269135535
Butler County,2,1209668470
Carroll County,2,1022032078
Champaign County,2,1110247425
Clark County,2,1029450254
Clermont County,2,1170933540
Clinton County,2,1058487805
Columbiana County,2,1377597314
Coshocton County,2,1460529028
Crawford County,2,1040620962
Cuyahoga County,2,1184118946
Darke County,2,1549072326
Defiance County,2,1065675702
Delaware County,2,1147617685
Erie County,2,651531963
Fairfield County,2,1306418559
Fayette County,2,1052458662
Franklin County,2,1378361040
Fulton County,2,1050091407
Gallia County,2,1208307512
Geauga County,2,1036420180
Greene County,2,1071554325
Guernsey County,2,1352631007
Hamilton County,2,1051302780
Hancock County,2,1376210257
Hardin County,2,1218342731
Harrison County,2,1042052713
Henry County,2,1077461447
Highland County,2,1432479939
Hocking County,2,1091222019
Holmes County,2,1094355785
Huron County,2,1272965600
Jackson County,2,1088582018
Jefferson County,2,1057566189
Knox County,2,1361024108
Lake County,2,589203623
Lawrence County,2,1174224238
Licking County,2,1767667183
Logan County,2,1187326601
Lorain County,2,1271946706
Lucas County,2,882810658
Madison County,2,1206610780
Mahoning County,2,1066098928
Marion County,2,1045726869
Medina County,2,1091310901
Meigs County,2,1113949889
Mercer County,2,1197736887
Miami County,2,1053037884
Monroe County,2,1180312425
Montgomery County,2,1195417263
Morgan County,2,1078531138
Morrow County,2,1051738690
Muskingum County,2,1721250930
Noble County,2,1030846973
Ottawa County,2,660231276
Paulding County,2,1078568733
Perry County,2,1056641254
Pickaway County,2,1298414026
Pike County,2,1140324043
Portage County,2,1262311075
Preble County,2,1098465120
Putnam County,2,1249725444
Richland County,2,1282739691
Ross County,2,1784988075
Sandusky County,2,1057888420
Scioto County,2,1580445008
Seneca County,2,1427127830
Shelby County,2,1055874043
Stark County,2,1489943930
Summit County,2,1069012672
Trumbull County,2,1601380581
Tuscarawas County,2,1470169796
Union County,2,1118175978
Van Wert County,2,1059715168
Vinton County,2,1068008560
Warren County,2,1039398003
Washington County,2,1636799113
Wayne County,2,1437258280
Williams County,2,1090295507
Wood County,2,1598552653
Wyandot County,2,1053775281
Adair County,3,1485298113
Alfalfa County,3,2244106958
Atoka County,3,2526578130
Beaver County,3,4699978363
Beckham County,3,2335665049
Blaine County,3,2404607766
Bryan County,3,2342567959
Caddo County,3,3310753325
Canadian County,3,2322250237
Carter County,3,2129424630
Cherokee County,3,1940956597
Choctaw County,3,1995214679
Cimarron County,3,4751948736
Cleveland County,3,1395398450
Coal County,3,1338199454
Comanche County,3,2769439538
Cotton County,3,1638566638
Craig County,3,1971897258
Creek County,3,2460853552
Custer County,3,2561024716
Delaware County,3,1911868565
Dewey County,3,2588632047
Ellis County,3,3189609693
Garfield County,3,2741414396
Garvin County,3,2077482576
Grady County,3,2850273013
Grant County,3,2592244963
Greer County,3,1655842714
Harmon County,3,1391326707
Harper County,3,2691040791
Haskell County,3,1493181861
Hughes County,3,2084025091
Jackson County,3,2078856062
Jefferson County,3,1965365227
Johnston County,3,1665207064
Kay County,3,2382087117
Kingfisher County,3,2326225317
Kiowa County,3,2629422850
Latimer County,3,1870178643
Le Flore County,3,4116045949
Lincoln County,3,2466481063
Logan County,3,1926521787
Love County,3,1331241072
McClain County,3,1478109734
McCurtain County,3,4791491660
McIntosh County,3,1601896473
Major County,3,2473407969
Marshall County,3,961092926
Mayes County,3,1697440860
Murray County,3,1078621351
Muskogee County,3,2099056912
Noble County,3,1895599459
Nowata County,3,1465355090
Okfuskee County,3,1602081668
Oklahoma County,3,1835832315
Okmulgee County,3,1806124291
Osage County,3,5818040494
Ottawa County,3,1219421293
Pawnee County,3,1470996347
Payne County,3,1773371786
Pittsburg County,3,3381130261
Pontotoc County,3,1865918266
Pottawatomie County,3,2040060341
Pushmataha County,3,3615199153
Roger Mills County,3,2955528117
Rogers County,3,1749880020
Seminole County,3,1639041127
Sequoyah County,3,1743764515
Stephens County,3,2253922744
Texas County,3,5286842403
Tillman County,3,2256226803
Tulsa County,3,1476931275
Wagoner County,3,1454421645
Washington County,3,1076020808
Washita County,3,2598189856
Woods County,3,3331900551
Woodward County,3,3217798327
Baker County,4,7947008933
Benton County,4,1750680238
Clackamas County,4,4844112024
Clatsop County,4,2147227903
Columbia County,4,1702546794
Coos County,4,4134068696
Crook County,4,7715797890
Curry County,4,4215100613
Deschutes County,4,7817065156
Douglas County,4,13043372940
Gilliam County,4,3120439560
Grant County,4,11728867794
Harney County,4,26244789736
Hood River County,4,1351841432
Jackson County,4,7209356169
Jefferson County,4,4612211364
Josephine County,4,4246719858
Klamath County,4,15387252316
Lake County,4,21079871249
Lane County,4,11792524334
Lincoln County,4,2537580591
Linn County,4,5931407318
Malheur County,4,25608588996
Marion County,4,3062209653
Morrow County,4,5261843781
Multnomah County,4,1117054236
Polk County,4,1918629058
Sherman County,4,2133357976
Tillamook County,4,2855668955
Umatilla County,4,8328130471
Union County,4,5274784008
Wallowa County,4,8148590560
Wasco County,4,6168106312
Washington County,4,1875746999
Wheeler County,4,4441179416
Yamhill County,4,1854068926
Adams County,1,1343342705
Allegheny County,1,1890884266
Armstrong County,1,1691787010
Beaver County,1,1125900054
Bedford County,1,2621835502
Berks County,1,2218341544
Blair County,1,1361815301
Bradford County,1,2971749132
Bucks County,1,1565148677
Butler County,1,2042475490
Cambria County,1,1782819861
Cameron County,1,1026232612
Carbon County,1,987977465
Centre County,1,2874682925
Chester County,1,1943805957
Clarion County,1,1556153827
Clearfield County,1,2964816225
Clinton County,1,2299868539
Columbia County,1,1251244127
Crawford County,1,2621839209
Cumberland County,1,1412732365
Dauphin County,1,1359864507
Delaware County,1,476152313
Elk County,1,2142848183
Erie County,1,2069799485
Fayette County,1,2046968639
Forest County,1,1106404231
Franklin County,1,2000050083
Fulton County,1,1133252780
Greene County,1,1491700255
Huntingdon County,1,2265305450
Indiana County,1,2141997762
Jefferson County,1,1689783371
Juniata County,1,1013592984
Lackawanna County,1,1189006298
Lancaster County,1,2444457103
Lawrence County,1,927669548
Lebanon County,1,937142582
Lehigh County,1,893975782
Luzerne County,1,2305950580
Lycoming County,1,3182044798
McKean County,1,2536109386
Mercer County,1,1741960803
Mifflin County,1,1064565502
Monroe County,1,1575452175
Montgomery County,1,1251067046
Montour County,1,337326235
Northampton County,1,957444154
Northumberland County,1,1187166553
Perry County,1,1428236088
Philadelphia County,1,347321129
Pike County,1,1411441365
Potter County,1,2800614301
Schuylkill County,1,2016651953
Snyder County,1,851343254
Somerset County,1,2782615877
Sullivan County,1,1165338335
Susquehanna County,1,2132685970
Tioga County,1,2936496911
Union County,1,818389897
Venango County,1,1746387330
Warren County,1,2289898600
Washington County,1,2219591093
Wayne County,1,1879304853
Westmoreland County,1,2661353634
Wyoming County,1,1029063118
York County,1,2341819225
Bristol County,1,62584939
Kent County,1,436484769
Newport County,1,265178425
Providence County,1,1060604571
Washington County,1,852713750
Abbeville County,3,1270347571
Aiken County,3,2773965154
Allendale County,3,1056948617
Anderson County,3,1852945207
Bamberg County,3,1018822336
Barnwell County,3,1420330485
Beaufort County,3,1492559284
Berkeley County,3,2846025358
Calhoun County,3,987176844
Charleston County,3,2372659352
Cherokee County,3,1016981703
Chester County,3,1503894983
Chesterfield County,3,2069595909
Clarendon County,3,1571958092
Colleton County,3,2736299047
Darlington County,3,1453380435
Dillon County,3,1048614230
Dorchester County,3,1484665975
Edgefield County,3,1296046259
Fairfield County,3,1777449480
Florence County,3,2071897847
Georgetown County,3,2107076193
Greenville County,3,2033451179
Greenwood County,3,1177734978
Hampton County,3,1450123027
Horry County,3,2936777435
Jasper County,3,1697265756
Kershaw County,3,1881787617
Lancaster County,3,1422317473
Laurens County,3,1848742669
Lee County,3,1062372545
Lexington County,3,1810175317
McCormick County,3,930141770
Marion County,3,1267092919
Marlboro County,3,1242350170
Newberry County,3,1631788278
Oconee County,3,1622196811
Orangeburg County,3,2864787762
Pickens County,3,1285687489
Richland County,3,1960797690
Saluda County,3,1172690632
Spartanburg County,3,2092518606
Sumter County,3,1722512472
Union County,3,1331696606
Williamsburg County,3,2419459980
York County,3,1762732402
Aurora County,2,1834810993
Beadle County,2,3260042792
Bennett County,2,3068381373
Bon Homme County,2,1459979006
Brookings County,2,2051804629
Brown County,2,4436601519
Brule County,2,2116641810
Buffalo County,2,1220880153
Butte County,2,5827210184
Campbell County,2,1900214239
Charles Mix County,2,2842477063
Clark County,2,2480181644
Clay County,2,1067554320
Codington County,2,1783194146
Corson County,2,6396472290
Custer County,2,4032615511
Davison County,2,1128083214
Day County,2,2662166065
Deuel County,2,1612749834
Dewey County,2,5963433068
Douglas County,2,1118361831
Edmunds County,2,2916212724
Fall River County,2,4506359351
Faulk County,2,2542720920
Grant County,2,1764967869
Gregory County,2,2628726426
Haakon County,2,4689260217
Hamlin County,2,1313721910
Hand County,2,3720811266
Hanson County,2,1125383169
Harding County,2,6918829169
Hughes County,2,1920631032
Hutchinson County,2,2105412805
Hyde County,2,2228747897
Jackson County,2,4827514117
Jerauld County,2,1362937167
Jones County,2,2511453417
Kingsbury County,2,2155481343
Lake County,2,1458881294
Lawrence County,2,2072081513
Lincoln County,2,1495144520
Lyman County,2,4252595025
McCook County,2,1487182118
McPherson County,2,2943893701
Marshall County,2,2170582034
Meade County,2,8989806533
Mellette County,2,3385906793
Miner County,2,1477098731
Minnehaha County,2,2090501559
Moody County,2,1345204308
Pennington County,2,7191239757
Perkins County,2,7434504648
Potter County,2,2230341155
Roberts County,2,2851684211
Sanborn County,2,1474533498
Shannon County,2,5423170067
Spink County,2,3895148120
Stanley County,2,3741062251
Sully County,2,2607645054
Todd County,2,3596342315
Tripp County,2,4176215610
Turner County,2,1598169823
Union County,2,1192797818
Walworth County,2,1835343493
Yankton County,2,1349807412
Ziebach County,2,5079670231
Anderson County,3,873245292
Bedford County,3,1226710123
Benton County,3,1020822586
Bledsoe County,3,1052635810
Blount County,3,1447041818
Bradley County,3,851489045
Campbell County,3,1243689525
Cannon County,3,687991703
Carroll County,3,1552055889
Carter County,3,883711484
Cheatham County,3,783308267
Chester County,3,740052043
Claiborne County,3,1125555951
Clay County,3,612626617
Cocke County,3,1125518964
Coffee County,3,1110993322
Crockett County,3,687731312
Cumberland County,3,1763847584
Davidson County,3,1305438546
Decatur County,3,864654041
DeKalb County,3,788253896
Dickson County,3,1268824458
Dyer County,3,1326920403
Fayette County,3,1825386659
Fentress County,3,1291399079
Franklin County,3,1436257485
Gibson County,3,1561094821
Giles County,3,1582292854
Grainger County,3,726751601
Greene County,3,1611399661
Grundy County,3,933778866
Hamblen County,3,417450989
Hamilton County,3,1404890184
Hancock County,3,575858117
Hardeman County,3,1729510170
Hardin County,3,1495246952
Hawkins County,3,1261259454
Haywood County,3,1380753077
Henderson County,3,1346982937
Henry County,3,1455823082
Hickman County,3,1586365395
Houston County,3,518739541
Humphreys County,3,1375232049
Jackson County,3,798545703
Jefferson County,3,709858548
Johnson County,3,773046157
Knox County,3,1316271254
Lake County,3,429379130
Lauderdale County,3,1222453808
Lawrence County,3,1598355330
Lewis County,3,730608109
Lincoln County,3,1477169515
Loudon County,3,593665426
McMinn County,3,1114018337
McNairy County,3,1457801922
Macon County,3,795498380
Madison County,3,1442926509
Marion County,3,1290227262
Marshall County,3,972437127
Maury County,3,1588021250
Meigs County,3,505362806
Monroe County,3,1646104693
Montgomery County,3,1396461566
Moore County,3,334684959
Morgan County,3,1352440400
Obion County,3,1410839429
Overton County,3,1122714642
Perry County,3,1074148474
Pickett County,3,422113383
Polk County,3,1125806416
Putnam County,3,1038852585
Rhea County,3,816822960
Roane County,3,934229744
Robertson County,3,1233577495
Rutherford County,3,1604145428
Scott County,3,1378642788
Sequatchie County,3,688567749
Sevier County,3,1534567408
Shelby County,3,1976612450
Smith County,3,814004493
Stewart County,3,1189659929
Sullivan County,3,1070605281
Sumner County,3,1371267673
Tipton County,3,1187161824
Trousdale County,3,295758787
Unicoi County,3,482165202
Union County,3,578990181
Van Buren County,3,708142475
Warren County,3,1120635730
Washington County,3,845539916
Wayne County,3,1901310603
Weakley County,3,1503135455
White County,3,975578971
Williamson County,3,1508925443
Wilson County,3,1478433235
Anderson County,3,2752126295
Andrews County,3,3886829704
Angelina County,3,2066235308
Aransas County,3,652868851
Archer County,3,2339043608
Armstrong County,3,2354581881
Atascosa County,3,3158604888
Austin County,3,1674448899
Bailey County,3,2141394831
Bandera County,3,2048578865
Bastrop County,3,2300298811
Baylor County,3,2246766775
Bee County,3,2279809490
Bell County,3,2722118322
Bexar County,3,3211119983
Blanco County,3,1836951743
Borden County,3,2324365341
Bosque County,3,2545902347
Bowie County,3,2292153748
Brazoria County,3,3516429692
Brazos County,3,1516296157
Brewster County,3,16015795085
Briscoe County,3,2330990994
Brooks County,3,2443301936
Brown County,3,2446070964
Burleson County,3,1706870641
Burnet County,3,2575116582
Caldwell County,3,1412208030
Calhoun County,3,1312710613
Callahan County,3,2329363248
Cameron County,3,2307478146
Camp County,3,507188128
Carson County,3,2383359553
Cass County,3,2426723555
Castro County,3,2316572704
Chambers County,3,1546578832
Cherokee County,3,2727030862
Childress County,3,1803680222
Clay County,3,2819774443
Cochran County,3,2007629814
Coke County,3,2360695668
Coleman County,3,3268424436
Collin County,3,2178761906
Collingsworth County,3,2378750619
Colorado County,3,2487097169
Comal County,3,1449037063
Comanche County,3,2428770746
Concho County,3,2548028356
Cooke County,3,2265615780
Coryell County,3,2724838887
Cottle County,3,2332448314
Crane County,3,2033318846
Crockett County,3,7270944161
Crosby County,3,2331501397
Culberson County,3,9875100057
Dallam County,3,3893423598
Dallas County,3,2256602704
Dawson County,3,2331781493
Deaf Smith County,3,3876869424
Delta County,3,665173912
Denton County,3,2275129231
DeWitt County,3,2354235330
Dickens County,3,2335454793
Dimmit County,3,3441794213
Donley County,3,2400623352
Duval County,3,4645094317
Eastland County,3,2399599329
Ector County,3,2324999033
Edwards County,3,5485225839
Ellis County,3,2422900216
El Paso County,3,2622862905
Erath County,3,2805141510
Falls County,3,1982590781
Fannin County,3,2307256396
Fayette County,3,2460509670
Fisher County,3,2328245716
Floyd County,3,2569637321
Foard County,3,1824378528
Fort Bend County,3,2231225129
Franklin County,3,736568975
Freestone County,3,2273333089
Frio County,3,2935750557
Gaines County,3,3891133239
Galveston County,3,979943275
Garza County,3,2313926862
Gillespie County,3,2740760701
Glasscock County,3,2331553028
Goliad County,3,2206706631
Gonzales County,3,2762708316
Gray County,3,2398261524
Grayson County,3,2415950507
Gregg County,3,707850624
Grimes County,3,2039510046
Guadalupe County,3,1842257555
Hale County,3,2602115719
Hall County,3,2288233552
Hamilton County,3,2165007849
Hansford County,3,2382296710
Hardeman County,3,1800337037
Hardin County,3,2306558884
Harris County,3,4411986582
Harrison County,3,2330861809
Hartley County,3,3786647934
Haskell County,3,2339099141
Hays County,3,1755954943
Hemphill County,3,2347270276
Henderson County,3,2262997188
Hidalgo County,3,4068521768
Hill County,3,2483445279
Hockley County,3,2352723875
Hood County,3,1089456081
Hopkins County,3,1986971988
Houston County,3,3188040155
Howard County,3,2333038341
Hudspeth County,3,11838791961
Hunt County,3,2176414426
Hutchinson County,3,2298404081
Irion County,3,2723534675
Jack County,3,2358603193
Jackson County,3,2148225451
Jasper County,3,2431597700
Jeff Davis County,3,5865171164
Jefferson County,3,2269593704
Jim Hogg County,3,2942584159
Jim Wells County,3,2240251330
Johnson County,3,1876943426
Jones County,3,2404944484
Karnes County,3,1936160430
Kaufman County,3,2022000741
Kendall County,3,1715745632
Kenedy County,3,3777053964
Kent County,3,2337481857
Kerr County,3,2857580696
Kimble County,3,3240040898
King County,3,2359146771
Kinney County,3,3522525947
Kleberg County,3,2282577985
Knox County,3,2203097010
Lamar County,3,2349611989
Lamb County,3,2631897591
Lampasas County,3,1846247052
La Salle County,3,3850510690
Lavaca County,3,2511532178
Lee County,3,1629142826
Leon County,3,2779447286
Liberty County,3,3000284900
Limestone County,3,2344684360
Lipscomb County,3,2414332816
Live Oak County,3,2692800935
Llano County,3,2419137915
Loving County,3,1732507837
Lubbock County,3,2319591231
Lynn County,3,2309924936
McCulloch County,3,2759886938
McLennan County,3,2686079968
McMullen County,3,2951100162
Madison County,3,1207102873
Marion County,3,986475529
Martin County,3,2369694111
Mason County,3,2405588947
Matagorda County,3,2849700666
Maverick County,3,3313264152
Medina County,3,3432656186
Menard County,3,2336245942
Midland County,3,2331764835
Milam County,3,2633837445
Mills County,3,1937987484
Mitchell County,3,2359711652
Montague County,3,2411034772
Montgomery County,3,2698080682
Moore County,3,2330188778
Morris County,3,652637107
Motley County,3,2562954830
Nacogdoches County,3,2451520148
Navarro County,3,2614922711
Newton County,3,2418212417
Nolan County,3,2362061553
Nueces County,3,2171658351
Ochiltree County,3,2376642415
Oldham County,3,3886363298
Orange County,3,864197805
Palo Pinto County,3,2465126895
Panola County,3,2076521423
Parker County,3,2339997883
Parmer County,3,2281204393
Pecos County,3,12338306457
Polk County,3,2737858277
Potter County,3,2352666798
Presidio County,3,9985016638
Rains County,3,594278071
Randall County,3,2360887059
Reagan County,3,3044015959
Real County,3,1810906179
Red River County,3,2684724244
Reeves County,3,6825588429
Refugio County,3,1995440836
Roberts County,3,2393298505
Robertson County,3,2216209138
Rockwall County,3,329020647
Runnels County,3,2721933935
Rusk County,3,2393217679
Sabine County,3,1272694571
San Augustine County,3,1374395555
San Jacinto County,3,1474331589
San Patricio County,3,1796028941
San Saba County,3,2940404691
Schleicher County,3,3394517068
Scurry County,3,2345088415
Shackelford County,3,2367989977
Shelby County,3,2060551461
Sherman County,3,2390650564
Smith County,3,2386555662
Somervell County,3,482937084
Starr County,3,3168018574
Stephens County,3,2322492721
Sterling County,3,2391727824
Stonewall County,3,2373240591
Sutton County,3,3765651337
Swisher County,3,2305501907
Tarrant County,3,2236735560
Taylor County,3,2371267567
Terrell County,3,6107258291
Terry County,3,2302083249
Throckmorton County,3,2363499284
Titus County,3,1051675541
Tom Green County,3,3941889598
Travis County,3,2564612388
Trinity County,3,1796435449
Tyler County,3,2394445956
Upshur County,3,1509825676
Upton County,3,3215013323
Uvalde County,3,4019520455
Val Verde County,3,8144863995
Van Zandt County,3,2182211358
Victoria County,3,2284739169
Walker County,3,2030987606
Waller County,3,1329777937
Ward County,3,2164200161
Washington County,3,1564232347
Webb County,3,8706199011
Wharton County,3,2813115336
Wheeler County,3,2368603566
Wichita County,3,1625932680
Wilbarger County,3,2514474467
Willacy County,3,1529528675
Williamson County,3,2896391221
Wilson County,3,2081658340
Winkler County,3,2178456075
Wise County,3,2342442771
Wood County,3,1671149162
Yoakum County,3,2071234660
Young County,3,2368460066
Zapata County,3,2585876105
Zavala County,3,3360266896
Beaver County,4,6707757757
Box Elder County,4,14880907163
Cache County,4,3016851000
Carbon County,4,3829279233
Daggett County,4,1805167690
Davis County,4,773832198
Duchesne County,4,8394008306
Emery County,4,11557340590
Garfield County,4,13403502531
Grand County,4,9509252821
Iron County,4,8538363871
Juab County,4,8785958124
Kane County,4,10334644139
Millard County,4,17022500900
Morgan County,4,1577810469
Piute County,4,1962668913
Rich County,4,2664514120
Salt Lake County,4,1922501205
San Juan County,4,20253675635
Sanpete County,4,4118475669
Sevier County,4,4948372346
Summit County,4,4847710464
Tooele County,4,17978017875
Uintah County,4,11602350635
Utah County,4,5188922666
Wasatch County,4,3044533262
Washington County,4,6284236933
Wayne County,4,6373122094
Weber County,4,1492050864
Addison County,1,1984773428
Bennington County,1,1748190656
Caledonia County,1,1680549138
Chittenden County,1,1389731195
Essex County,1,1718710619
Franklin County,1,1641291023
Grand Isle County,1,211890629
Lamoille County,1,1188278167
Orange County,1,1779407245
Orleans County,1,1795556430
Rutland County,1,2408224790
Washington County,1,1779926134
Windham County,1,2033930747
Windsor County,1,2510570288
Accomack County,3,1164189289
Albemarle County,3,1866599905
Alleghany County,3,1153727336
Amelia County,3,920142596
Amherst County,3,1227484444
Appomattox County,3,863744566
Arlington County,3,67273573
Augusta County,3,2504515631
Bath County,3,1370512659
Bedford County,3,1950314965
Bland County,3,926503435
Botetourt County,3,1401706839
Brunswick County,3,1466381601
Buchanan County,3,1302149008
Buckingham County,3,1501304577
Campbell County,3,1305008854
Caroline County,3,1366252458
Carroll County,3,1229441060
Charles City County,3,473494077
Charlotte County,3,1230945745
Chesterfield County,3,1096334108
Clarke County,3,456297605
Craig County,3,853489575
Culpeper County,3,982210871
Cumberland County,3,770419651
Dickenson County,3,856074924
Dinwiddie County,3,1304619086
Essex County,3,665944393
Fairfax County,3,1012604465
Fauquier County,3,1676885536
Floyd County,3,985283867
Fluvanna County,3,740750095
Franklin County,3,1788195297
Frederick County,3,1070949703
Giles County,3,921469073
Gloucester County,3,564116907
Goochland County,3,728861838
Grayson County,3,1145227587
Greene County,3,404675804
Greensville County,3,764632769
Halifax County,3,2118193284
Hanover County,3,1213502928
Henrico County,3,605271846
Henry County,3,990240760
Highland County,3,1075249079
Isle of Wight County,3,817432028
James City County,3,368909132
King and Queen County,3,816203901
King George County,3,465255721
King William County,3,709504582
Lancaster County,3,345115848
Lee County,3,1127987182
Loudoun County,3,1335297272
Louisa County,3,1285411656
Lunenburg County,3,1118054299
Madison County,3,830565702
Mathews County,3,222555448
Mecklenburg County,3,1619998831
Middlesex County,3,337492226
Montgomery County,3,1002361193
Nelson County,3,1219510167
New Kent County,3,543196546
Northampton County,3,548073024
Northumberland County,3,495452184
Nottoway County,3,814271729
Orange County,3,882624058
Page County,3,805112691
Patrick County,3,1251212174
Pittsylvania County,3,2509545576
Powhatan County,3,673969480
Prince Edward County,3,906392425
Prince George County,3,686749234
Prince William County,3,871276091
Pulaski County,3,828427584
Rappahannock County,3,689525028
Richmond County,3,495962821
Roanoke County,3,648838102
Rockbridge County,3,1547668571
Rockingham County,3,2199121564
Russell County,3,1227192858
Scott County,3,1387017232
Shenandoah County,3,1317722983
Smyth County,3,1167897823
Southampton County,3,1551777074
Spotsylvania County,3,1039870690
Stafford County,3,696591933
Surry County,3,722475771
Sussex County,3,1269664203
Tazewell County,3,1343805085
Warren County,3,552872306
Washington County,3,1452917904
Westmoreland County,3,594077407
Wise County,3,1044253435
Wythe County,3,1196118581
York County,3,271379438
Alexandria city,3,38919733
Bedford city,3,17814175
Bristol city,3,33703512
Buena Vista city,3,17362236
Charlottesville city,3,26517362
Chesapeake city,3,882669156
Colonial Heights city,3,19476234
Covington city,3,14163340
Danville city,3,111198695
Emporia city,3,17854907
Fairfax city,3,16159465
Falls Church city,3,5176813
Franklin city,3,21252884
Fredericksburg city,3,27039905
Galax city,3,21340428
Hampton city,3,133160054
Harrisonburg city,3,45112613
Hopewell city,3,26620504
Lexington city,3,6466940
Lynchburg city,3,127239697
Manassas city,3,25590863
Manassas Park city,3,6562394
Martinsville city,3,28376620
Newport News city,3,177967764
Norfolk city,3,140171293
Norton city,3,19375334
Petersburg city,3,59393052
Poquoson city,3,39669842
Portsmouth city,3,87159966
Radford city,3,25567146
Richmond city,3,154894705
Roanoke city,3,110234185
Salem city,3,37390584
Staunton city,3,51735515
Suffolk city,3,1036429624
Virginia Beach city,3,644948896
Waynesboro city,3,38950817
Williamsburg city,3,23366983
Winchester city,3,23912611
Adams County,4,4985668796
Asotin County,4,1647784012
Benton County,4,4403961281
Chelan County,4,7564124657
Clallam County,4,4502251295
Clark County,4,1629112686
Columbia County,4,2249738808
Cowlitz County,4,2952910628
Douglas County,4,4711872269
Ferry County,4,5706154501
Franklin County,4,3217208258
Garfield County,4,1840669150
Grant County,4,6939907170
Grays Harbor County,4,4926225833
Island County,4,539879663
Jefferson County,4,4671561779
King County,4,5479291809
Kitsap County,4,1022893152
Kittitas County,4,5949903934
Klickitat County,4,4846679228
Lewis County,4,6223229463
Lincoln County,4,5984151955
Mason County,4,2484878730
Okanogan County,4,13643999206
Pacific County,4,2415572451
Pend Oreille County,4,3625955333
Pierce County,4,4324005310
San Juan County,4,450437066
Skagit County,4,4483794950
Skamania County,4,4288183445
Snohomish County,4,5406013264
Spokane County,4,4568198649
Stevens County,4,6417380728
Thurston County,4,1869871525
Wahkiakum County,4,682138841
Walla Walla County,4,3289618915
Whatcom County,4,5456733620
Whitman County,4,5592015929
Yakima County,4,11125023321
Barbour County,3,883338809
Berkeley County,3,831754462
Boone County,3,1298991045
Braxton County,3,1322996847
Brooke County,3,231038789
Cabell County,3,727832268
Calhoun County,3,723252287
Clay County,3,885522451
Doddridge County,3,828070906
Fayette County,3,1713406009
Gilmer County,3,876717515
Grant County,3,1236391168
Greenbrier County,3,2640671499
Hampshire County,3,1658236572
Hancock County,3,213957204
Hardy County,3,1508182025
Harrison County,3,1077454759
Jackson County,3,1202654983
Jefferson County,3,542951079
Kanawha County,3,2335100448
Lewis County,3,996874721
Lincoln County,3,1131924510
Logan County,3,1175173524
McDowell County,3,1381643483
Marion County,3,799620921
Marshall County,3,791062651
Mason County,3,1115632960
Mercer County,3,1085187156
Mineral County,3,849075073
Mingo County,3,1095846454
Monongalia County,3,932556578
Monroe County,3,1224422242
Morgan County,3,593295447
Nicholas County,3,1675266140
Ohio County,3,274072974
Pendleton County,3,1802759588
Pleasants County,3,336966345
Pocahontas County,3,2435323587
Preston County,3,1680396095
Putnam County,3,895279233
Raleigh County,3,1567850996
Randolph County,3,2692760964
Ritchie County,3,1170650137
Roane County,3,1252421705
Summers County,3,933586742
Taylor County,3,447474960
Tucker County,3,1085004058
Tyler County,3,663797222
Upshur County,3,918506909
Wayne County,3,1310486007
Webster County,3,1433476012
Wetzel County,3,927378346
Wirt County,3,602195193
Wood County,3,948607826
Wyoming County,3,1293577717
Adams County,2,1672214172
Ashland County,2,2706628242
Barron County,2,2234411472
Bayfield County,2,3827647135
Brown County,2,1371938244
Buffalo County,2,1739526593
Burnett County,2,2128575375
Calumet County,2,824227417
Chippewa County,2,2611672690
Clark County,2,3133407354
Columbia County,2,1982711486
Crawford County,2,1478001974
Dane County,2,3100835926
Dodge County,2,2267857853
Door County,2,1248316135
Douglas County,2,3377697851
Dunn County,2,2201762202
Eau Claire County,2,1652369085
Florence County,2,1264419915
Fond du Lac County,2,1863633125
Forest County,2,2626421270
Grant County,2,2970324643
Green County,2,1512440867
Green Lake County,2,905037501
Iowa County,2,1975072643
Iron County,2,1963660997
Jackson County,2,2558182292
Jefferson County,2,1441259924
Juneau County,2,1986327042
Kenosha County,2,704452046
Kewaunee County,2,887118289
La Crosse County,2,1169862598
Lafayette County,2,1640985371
Langlade County,2,2254946857
Lincoln County,2,2276530049
Manitowoc County,2,1525716187
Marathon County,2,4001488029
Marinette County,2,3624293202
Marquette County,2,1180003730
Menominee County,2,926201079
Milwaukee County,2,625228895
Monroe County,2,2332998070
Oconto County,2,2584775696
Oneida County,2,2882578692
Outagamie County,2,1651177709
Ozaukee County,2,603666538
Pepin County,2,600833973
Pierce County,2,1485999482
Polk County,2,2367150768
Portage County,2,2073747839
Price County,2,3248817969
Racine County,2,861173331
Richland County,2,1518123695
Rock County,2,1859980029
Rusk County,2,2366174321
St. Croix County,2,1870824361
Sauk County,2,2152025932
Sawyer County,2,3256403571
Shawano County,2,2313007314
Sheboygan County,2,1324171349
Taylor County,2,2524917815
Trempealeau County,2,1898370021
Vernon County,2,2050180266
Vilas County,2,2218594892
Walworth County,2,1437771449
Washburn County,2,2064513144
Washington County,2,1115515204
Waukesha County,2,1423388982
Waupaca County,2,1936566893
Waushara County,2,1621729475
Winnebago County,2,1125316243
Wood County,2,2054162108
Albany County,4,11069193896
Big Horn County,4,8125043730
Campbell County,4,12438959289
Carbon County,4,20454631972
Converse County,4,11020096419
Crook County,4,7392881785
Fremont County,4,23785968227
Goshen County,4,5763735931
Hot Springs County,4,5190573003
Johnson County,4,10759206119
Laramie County,4,6956479515
Lincoln County,4,10557126438
Natrona County,4,13831446772
Niobrara County,4,6801404307
Park County,4,17979897617
Platte County,4,5398073678
Sheridan County,4,6537112725
Sublette County,4,12656072085
Sweetwater County,4,27004896786
Teton County,4,10347983791
Uinta County,4,5390449560
Washakie County,4,5797814617
Weston County,4,6211020805
